Workbook

Sheet Data Pasien
A1: No RM | B1: Nama Pasien | C1: Tanggal Lahir | D1: Jenis Kelamin | E1: Alamat | F1: Diagnosa | G1: Ruangan

Sheet CPPT
A1: Tanggal | B1: Jam | C1: No RM | D1: Nama Pasien | E1: Profesi | F1: Subjektif | G1: Objektif | H1: Asesmen | I1: Planning | J1: Paraf
D2: =IFERROR(VLOOKUP(C2,'Data Pasien'!A:B,2,FALSE),"")
D3: =IFERROR(VLOOKUP(C3,'Data Pasien'!A:B,2,FALSE),"")
D4: =IFERROR(VLOOKUP(C4,'Data Pasien'!A:B,2,FALSE),"")
D5: =IFERROR(VLOOKUP(C5,'Data Pasien'!A:B,2,FALSE),"")
D6: =IFERROR(VLOOKUP(C6,'Data Pasien'!A:B,2,FALSE),"")
D7: =IFERROR(VLOOKUP(C7,'Data Pasien'!A:B,2,FALSE),"")
D8: =IFERROR(VLOOKUP(C8,'Data Pasien'!A:B,2,FALSE),"")
D9: =IFERROR(VLOOKUP(C9,'Data Pasien'!A:B,2,FALSE),"")
D10: =IFERROR(VLOOKUP(C10,'Data Pasien'!A:B,2,FALSE),"")
D11: =IFERROR(VLOOKUP(C11,'Data Pasien'!A:B,2,FALSE),"")
D12: =IFERROR(VLOOKUP(C12,'Data Pasien'!A:B,2,FALSE),"")
D13: =IFERROR(VLOOKUP(C13,'Data Pasien'!A:B,2,FALSE),"")
... D300: =IFERROR(VLOOKUP(C300,'Data Pasien'!A:B,2,FALSE),"")

Sheet Dashboard
A1: DASHBOARD CPPT
A3: Total Entri CPPT: | B3: =COUNTA(CPPT!A:A)-1
A5: Panduan:
A6: 1. Isi Data Pasien
A7: 2. Input CPPT di sheet CPPT
A8: 3. Gunakan No RM agar nama otomatis muncul
